workload,variant,structure,n,time_ms,steps,moves,comparisons
W1,-,DynamicArray,100,0.1524,10000,0,0
W1,-,MyLinkedList,100,0.5238,501327,0,0
W2,-,DynamicArray,100,0.3333,75861,0,75861
W2,-,MyLinkedList,100,0.3006,75361,0,75861
W3,head,DynamicArray,100,0.1591,1201120,1200120,0
W3,head,MyLinkedList,100,0.0571,0,3000,0
W3,middle,DynamicArray,100,0.1387,1101120,1100120,0
W3,middle,MyLinkedList,100,0.2929,98000,3000,0
W4,-,MinHeap,100,0.0836,3552,1314,1069
W1,-,DynamicArray,1000,0.0455,10000,0,0
W1,-,MyLinkedList,1000,5.6685,5011262,0,0
W2,-,DynamicArray,1000,0.2456,734862,0,734862
W2,-,MyLinkedList,1000,1.2806,734362,0,734862
W3,head,DynamicArray,1000,0.2058,3001280,3000280,0
W3,head,MyLinkedList,1000,0.0397,0,3000,0
W3,middle,DynamicArray,1000,0.1603,2001280,2000280,0
W3,middle,MyLinkedList,1000,1.2232,998000,3000,0
W4,-,MinHeap,1000,0.2457,55274,19630,17322
W1,-,DynamicArray,10000,0.0422,10000,0,0
W1,-,MyLinkedList,10000,62.0516,50170278,0,0
W2,-,DynamicArray,10000,2.0423,7520612,0,7520612
W2,-,MyLinkedList,10000,12.92,7520112,0,7520612
W3,head,DynamicArray,10000,0.829,21010240,21009240,0
W3,head,MyLinkedList,10000,0.0236,0,3000,0
W3,middle,DynamicArray,10000,0.8801,11010240,11009240,0
W3,middle,MyLinkedList,10000,13.7271,9998000,3000,0
W4,-,MinHeap,10000,1.1702,747778,259210,239284
W1,-,DynamicArray,100000,0.0038,10000,0,0
W1,-,MyLinkedList,100000,555.8996,505018648,0,0
W2,-,DynamicArray,100000,33.1895,74681441,0,74681441
W2,-,MyLinkedList,100000,97.9848,74680941,0,74681441
W3,head,DynamicArray,100000,10.7151,201000000,200999000,0
W3,head,MyLinkedList,100000,0.0043,0,3000,0
W3,middle,DynamicArray,100000,5.3106,101000000,100999000,0
W3,middle,MyLinkedList,100000,110.1646,99998000,3000,0
W4,-,MinHeap,100000,9.1041,9539950,3321384,3059283
